,HCG,member,logMHI
0,91,91B,9.229765026681328
1,91,91C,9.634731935770464
2,91,91A,9.825359144669234
3,91,WJ,8.18866052220709
4,91,total,10.109012152657423
