,HCG,member,logMHI
0,31,31Q,8.468372611396754
1,31,31B,8.945310196388121
2,31,31C,8.808640975587764
3,31,31A,8.538608561242976
4,31,31G,8.60777578771752
5,31,total,9.409976959533163
